bizname,license_loc,instate_loc,mailing_loc,license_no,lic_date,status,cr_date,action,parse_date
1ST CREDIT OF AMERICA LLC,"300 N ELIZABETH ST STE 220-B CHICAGO, IL 60607","3025 S PARKER RD STE 711 AURORA, CO 80014","300 N ELIZABETH ST STE 220-B CHICAGO, IL 60607",988412,2/20/2004,C,5/15/2007,Yes,2018-10-09
1ST NATIONAL RECOVERY SOLUTIONS LLC,"5497 BROADWAY ST LANCASTER, NY 14086","600 17TH ST STE 800 NORTH DENVER, CO 80202","5497 BROADWAY ST LANCASTER, NY 14086",989708,8/15/2007,E,3/8/2010,,2018-10-09
1ST NATIONWIDE COLLECTION AGENCY INC,"3760 CALLE TECATE STE B CAMARILLO, CA 93012","3025 S PARKER RD STE 711 AURORA, CO 80014","PO BOX 1418 CAMARILLO, CA 93011-1418",989591,3/6/2007,C,11/12/2008,,2018-10-09
21ST MORTGAGE CORPORATION,"620 MARKET ST KNOXVILLE, TN 37902","3455 W SERVICE RD EVANS, CO 80620","PO BOX 477 KNOXVILLE, TN 37901-0477",991831,4/16/2013,A,Active,,2018-10-09
24 ASSET MANAGEMENT CORP,"2020 CAMINO DEL RIO N STE 900 SAN DIEGO, CA 92108","80 GARDEN CTR STE 3 BROOMFIELD, CO 80020","2020 CAMINO DEL RIO N STE 900 SAN DIEGO, CA 92108",990402,11/13/2009,C,1/6/2016,,2018-10-09
245 HOLDINGS LLC,"8000 AVALON 2660 MILTON PKWY STE 810 ALPHARETTA, GA 30009","80 GARDEN CTR BLDG B, STE 3 BROOMFIELD, CO 80020","8000 AVALON 2660 MILTON PKWY STE 810 ALPHARETTA, GA 30009",990954,3/8/2010,A,Active,,2018-10-09
36K LLC,"7853 E ARAPAHOE CT STE 2900 CENTENNIAL, CO 80112","7853 E ARAPAHOE CT STE 2900 CENTENNIAL, CO 80112","7853 E ARAPAHOE CT STE 2900 CENTENNIAL, CO 80112",990134,1/30/2009,C,7/1/2014,,2018-10-09
3POINT REAL ESTATE SOLUTIONS LLC,"7505 IRVINE CENTER DR STE 200 IRVINE, CA 92618","3025 S PARKER RD STE 705 AURORA, CO 80014","7505 IRVINE CENTER DR STE 200 IRVINE, CA 92618",991736,10/31/2012,C,10/24/2014,,2018-10-09
A & S COLLECTION ASSOCIATES INC,"4480 W PEORIA STE 204 GLENDALE, AZ 85302","600 17TH ST STE 800 N DENVER, CO 80202","PO BOX 395 WILLIAMSTOWN, VT 05679",989372,6/12/2006,E,7/2/2008,Yes,2018-10-09
A & S COLLECTION ASSOCIATES INC,"10410 N 31ST AVE STE 401 PHOENIX, AZ 85051","600 17TH ST STE 800 NORTH DENVER, CO 80202-5442","PO BOX 395 WILLIAMSTOWN, VT 05679",988358,12/15/2003,E,7/2/2005,Yes,2018-10-09
A + JUDGMENT RECOVERY LLC,"8857 S PARTRIDGE ST PO BOX 260681 LITTLETON, CO 80126","8857 S PARTRIDGE ST PO BOX 260681 LITTLETON, CO 80126","PO BOX 260681 HIGHLANDS RANCH, CO 80163- 0681",988024,9/6/2002,C,7/1/2004,,2018-10-09
A BENTLEY & ASSOCIATES INC,"1100 E COLFAX AVE DENVER, CO 80218","DENVER, CO 80218","PO BOX 18188 DENVER, CO 80218",101627,9/5/1997,C,7/26/1999,Yes,2018-10-09
A COMPLETE FINANCIAL INC,"1391 CARR ST STE 231 LAKEWOOD, CO 80228","1391 CARR ST STE 231 LAKEWOOD, CO 80228","PO BOX 21311 DENVER, CO 80221",101196,4/26/1989,C,7/1/2012,Yes,2018-10-09
A M MILLER & ASSOCIATES INC,"3033 EXCELSIOR BLVD MINNEAPOLIS, MN 55416","1675 BROADWAY DENVER, CO 80202","3033 EXCELSIOR BLVD MINNEAPOLIS, MN 55416",101100,2/3/1986,C,3/2/1996,Yes,2018-10-09
A M MILLER & ASSOCIATES INC,"2700 SNELLING AVE N STE 100 ROSEVILLE, MN 55113","1675 BROADWAY DENVER, CO 80202","2700 SNELLING AVE N STE 100 ROSEVILLE, MN 55113",101549,3/28/1996,C,10/7/1999,Yes,2018-10-09
A/R SOLUTIONS BUREAU LLC,"2780 E FLAMINGO RD STE 204 LAS VEGAS, NV 89121","80 GARDEN CTR BLDG B, STE 3 BROOMFIELD, CO 80020","2780 E FLAMINGO RD STE 204 LAS VEGAS, NV 89121",992317,4/7/2015,A,Active,,2018-10-09
A-1 COLLECTIONS INC,"1520 N UNION BLVD UNIT 103 COLORADO SPRINGS, CO 80909","1520 N UNION STE 103 COLORADO SPRINGS, CO 80901","PO BOX 622 COLORADO SPRINGS, CO 80901",100434,9/22/1971,E,7/1/2004,,2018-10-09
AAA COLLECTORS INC DBA TRIPLE CHECK INC,"2910 N ACADEMY BLVD STE 101 COLORADO SPRINGS, CO 80917","2910 N ACADEMY BLVD STE 101 COLORADO SPRINGS, CO 80917","2910 N ACADEMY BLVD STE 101 COLORADO SPRINGS, CO 80917",100558,2/28/1978,A,Active,Yes,2018-10-09
AARGON AGENCY INC,"3025 W SAHARA AVE LAS VEGAS, NV 89102","14682 GARFIELD ST BRIGHTON, CO 80602","3025 W SAHARA AVE LAS VEGAS, NV 89102",989424,7/28/2006,E,7/2/2008,,2018-10-09
AARGON AGENCY INC,"3160 S VALLEY VW STE 206 LAS VEGAS, NV 89102","1560 BROADWAY DENVER, CO 80202","801 ADLAI STEVENSON DR SPRINGFIELD, IL 62703",988632,11/15/2004,E,7/2/2006,,2018-10-09
AARGON AGENCY INC DBA AARGON COLLECTION AGENCY,"8668 SPRING MOUNTAIN RD LAS VEGAS, NV 89117","80 GARDEN CTR BLDG B, STE 3 BROOMFIELD, CO 80020","8668 SPRING MOUNTAIN RD LAS VEGAS, NV 89117",992621,7/1/2016,A,Active,,2018-10-09
AARGON AGENCY INC DBA AARGON COLLECTION AGENCY,"8668 SPRING MOUNTAIN RD LAS VEGAS, NV 89117","12200 E ILIFF AVE STE 103 AURORA, CO 80014","8668 SPRING MOUNTAIN RD LAS VEGAS, NV 89117",989993,8/7/2008,C,6/30/2016,,2018-10-09
ABACUS FINANCIAL MGT SVCS L P,"999 E TOUHY AVE DES PLAINES, IL 60018","1776 S JACKSON ST UNIT 900 DENVER, CO 80210","999 E TOUHY AVE UNIT 225 DES PLAINES, IL 60018",101491,12/30/1994,C,8/28/1998,,2018-10-09
ABC COLLECTIONS AMERICHECK NATIONAL INC,"3510 GALLEY RD STE 116 COLORADO SPRINGS, CO 80909","3510 GALLEY RD STE 116 COLORADO SPRINGS, CO 80909","3510 GALLEY RD STE 116 COLORADO SPRINGS, CO 80909",988040,8/21/2002,C,3/31/2005,,2018-10-09
ABC COLLECTIONS INC,"128 MAIN ST DELTA, CO 81416","128 MAIN ST DELTA, CO 81416","PO BOX 1076 DELTA, CO 81416",987021,7/7/1999,E,7/2/2008,,2018-10-09
ABC COLLECTIONS INC,"4418 1900 RD DELTA, CO 81416","4418 1900 RD DELTA, CO 81416","PO BOX 1076 DELTA, CO 81416",989959,7/14/2008,E,7/2/2013,,2018-10-09
ABILITY RECOVERY SERVICES LLC,"284 MAIN ST DUPONT, PA 18641","80 GARDEN CTR BLDG B, STE 3 BROOMFIELD, CO 80020","PO BOX 4031 WYOMING, PA 18644",991710,9/12/2012,A,Active,,2018-10-09
ABSOLUTE COLLECTIONS CORPORATION,"1455 FRAZEE RD STE 560 SAN DIEGO, CA 92108","10200 E GIRARD AVE STE C250 DENVER, CO 80231","66021455 FRAZEE RD STE 560 SAN DIEGO, CA 92108",991495,11/22/2011,A,Active,,2018-10-09
ABSOLUTE DEBT RECOVERY SERVICES LLC,"11990 GRANT ST STE 110 NORTHGLENN, CO 80233","11990 GRANT ST STE 110 NORTHGLENN, CO 80233","11990 GRANT ST STE 110 NORTHGLENN, CO 80233",991544,2/10/2012,E,7/2/2015,,2018-10-09
ABSOLUTE RESOLUTIONS II LLC,"1455 FRAZEE RD STE 550 SAN DIEGO, CA 92108","10200 E GIRARD AVE STE C250 DENVER, CO 80231","1455 FRAZEE RD STE 550 SAN DIEGO, CA 92108",992173,8/26/2014,A,Active,,2018-10-09
ABSOLUTE RESOLUTIONS INVESTMENTS LLC,"1455 FRAZEE RD STE 550 SAN DIEGO, CA 92108","10200 E GIRARD AVE STE C250 DENVER, CO 80231","1455 FRAZEE RD STE 550 SAN DIEGO, CA 92108",992797,1/30/2017,A,Active,,2018-10-09
ACA RECEIVABLES COMPANY LLC DBA AMERICAN AGENCIES,"555 W VICTORIA ST RANCHO DOMINGUEZ, CA 90220","13111 E BRIARWOOD AVE STE 340 CENTENNIAL, CO 80112","PO BOX 2829 TORRANCE, CA 90509-2829",988292,9/18/2003,C,7/1/2011,Yes,2018-10-09
ACADEMY COLLECTION SERVICE INC,"10965 DECATUR RD PHILADELPHIA, PA 19154","2100 W DRAKE RD STE 6 FORT COLLINS, CO 80526","10965 DECATUR RD PHILADELPHIA, PA 19154",987557,7/25/2000,C,8/27/2009,Yes,2018-10-09
ACADEMY COLLECTION SERVICE INC,"10965 DECATUR RD PHILADELPHIA, PA 19154","2100 W DRAKE RD FORT COLLINS, CO 80526","10965 DECATUR RD PHILADELPHIA, PA 19154",101326,2/6/1993,C,6/30/2000,Yes,2018-10-09
ACB AMERICAN INC,"4351 WINSTON AVE COVINGTON, KY 41015","717 17TH ST STE 2300 DENVER, CO 80202","4351 WINSTON AVE COVINGTON, KY 41015",988999,3/7/2005,C,3/30/2011,,2018-10-09
ACB AMERICAN INC,"4351 WINSTON AVE COVINGTON, KY 41015","717 17TH ST STE 2300 DENVER, CO 80202","4351 WINSTON AVE COVINGTON, KY 41015",991343,3/30/2011,C,1/19/2012,,2018-10-09
ACB BUSINESS SERVICES INC,"714 E VAN BUREN ST PHOENIX, AZ 85006","SUITE 330 ENGLEWOOD, CO 80111","714 E VAN BUREN ST PHOENIX, AZ 85006",101475,11/28/1994,C,4/1/1996,,2018-10-09
ACCELERATED BUREAU OF COLLECTIONS,"5295 DTC PKY ENGLEWOOD, CO 80111","5295 DTC PKY ENGLEWOOD, CO 80111","PO BOX 6666 ENGLEWOOD, CO 80155",101115,8/20/1986,C,4/7/1998,Yes,2018-10-09
ACCELERATED BUREAU OF COLLECTIONS,"5295 DTC PKWY ENGLEWOOD, CO 80111","5295 DTC PKY ENGLEWOOD, CO 80111","5295 DTC PKY ENGLEWOOD, CO 80111",101663,4/7/1998,C,8/10/1999,Yes,2018-10-09
ACCELERATED FINANCIAL INC,"13624 HEATHER ST NW ANDOVER, MN 55304","4450 ARAPAHOE AVE STE 100 BOULDER, CO 80303","13624 HEATHER ST NW ANDOVER, MN 55304",988586,9/9/2004,E,7/2/2006,,2018-10-09
ACCELERATED FINANCIAL SOLUTIONS LLC,"39 MONETTE PKWY SMITHFIELD, VA 23430","80 GARDEN CTR BLDG B, STE3 BROOMFIELD, CO 80020","39 MONETTE PKWY SMITHFIELD, VA 23430",990378,10/20/2009,A,Active,,2018-10-09
ACCELERATED RECEIVABLES SOLUTIONS (A R S) INC,"2223 BROADWAY AVE SCOTTSBLUFF, NE 69361","418 ENSIGN FORT MORGAN, CO 80701","PO BOX 70 SCOTTSBLUFF, NE 69363-0070",988506,6/14/2004,C,6/22/2010,,2018-10-09
ACCELERATED REVENUE MANAGEMENT INC,"3760 CALLE TECATE STE B CAMARILLO, CA 93012","13111 E BRIARWOOD AVE STE 340 CENTENNIAL, CO 80112","3760 CALLE TECATE STE B CAMARILLO, CA 93012",990298,7/1/2009,C,7/1/2011,,2018-10-09
ACCENTURE SOLUTIONS PRIVATE LIMITED,"4TH FLOOR TOWER II PHASE II LOGITECH PARK ANDHERI KURLA ROAD MUMBAI MH 400072 INDIA,","7200 S ALTON WAY STE B180 DENVER, CO 80112","1965 HAWKS LANDING DR LOUISVILLE, TN 37777",993027,7/1/2017,A,Active,,2018-10-09
ACCENTURE SOLUTIONS PRIVATE LIMITED,4TH FLOOR TOWER II OF PHASE II LOGITECH PARK ANDHERI KURLA ROAD ANDHERI (EAST),"7200 S ALTON WAY STE B180 CENTENNIAL, CO 80112","8336 FOREST POINT BLVD CHARLOTTE, NC 28273",991512,12/29/2011,E,12/31/2016,,2018-10-09
ACCESS GROUP LLC,"3000 S JAMAICA CT STE 280 AURORA, CO 80014","3000 S JAMAICA CT STE 280 AURORA, CO 80014","3000 S JAMAICA CT STE 280 AURORA, CO 80014",991060,5/5/2010,E,7/2/2012,,2018-10-09
ACCESS RECOVERY SOLUTIONS INC DBA ARS,"4848 S COLLEGE AVE STE A-2 FORT COLLINS, CO 80525","4848 S COLLEGE AVE STE A-2 FORT COLLINS, CO 80525","4848 S COLLEGE AVE STE A-2 FORT COLLINS, CO 80525",990306,7/24/2009,E,7/2/2014,,2018-10-09
ACCOUNT ADJUSTERS INC,"65 S FEDERAL BLVD DENVER, CO 80219","65 S FEDERAL BLVD DENVER, CO 80219","PO BOX 140296 DENVER, CO 80214",100104,8/29/1961,C,5/16/1997,,2018-10-09
ACCOUNT BROKERS INC DBA ACCOUNTS RECEIVABLE MANAGEMENT SYSTEMS DBA LARIMER CO CREDIT,"4597 TEJON ST DENVER, CO 80211","4597 TEJON ST DENVER, CO 80211","4597 TEJON ST DENVER, CO 80211",100642,3/2/1982,A,Active,Yes,2018-10-09
ACCOUNT BROKERS OF LARIMER COUNTY DBA ACCOUNTS RECEIVABLE MANAGEMENT SYSTEMS OF,"1417 S COLLEGE AVE FORT COLLINS, CO 80524","1417 S COLLEGE AVE FORT COLLINS, CO 80524","1417 S COLLEGE AVE FORT COLLINS, CO 80524",101205,9/11/1989,C,7/1/2014,Yes,2018-10-09
ACCOUNT CONTROL SYSTEMS INC,"85 CHESTNUT RIDGE RD STE 113 MONTVALE, NJ 07645","36 S 18TH AVE STE D BRIGHTON, CO 80601","85 CHESTNUT RIDGE RD STE 113 MONTVALE, NJ 07645",993077,10/3/2017,A,Active,,2018-10-09
ACCOUNT CONTROL TECHNOLOGY INC,"21700 OXNARD ST STE 1400 WOODLAND HILLS, CA 91367","80 GARDEN CTR BLDG B, STE 3 BROOMFIELD, CO 80020","PO BOX 8012 CANOGA PARK, CA 91309",987612,10/10/2000,A,Active,Yes,2018-10-09
ACCOUNT DISCOVERY SYSTEMS LLC,"11 PINCHOT CT STE 110 amherst, NY 14228","7200 S ALTON WAY STE B180 CENTENNIAL, CO 80112","11 PINCHOT CT STE 110 AMHERST, NY 14228",991698,8/27/2012,A,Active,,2018-10-09
ACCOUNT MANAGEMENT RESOURCES LLC,"726 W SHERIDAN OKLAHOMA CITY, OK 73102","27 N WILLERUP STE B MONTROSE, CO 81401","PO BOX 60621 OKLAHOMA CITY, OK 73146",991869,7/24/2013,A,Active,,2018-10-09
ACCOUNT OUTSOURCING GROUP LLC,"10 CANAL ST STE 235 BRISTOL, PA 19007","700 17TH ST STE 200 DENVER, CO 80202","10 CANAL ST STE 235 BRISTOL, PA 19007",992374,7/27/2015,C,12/31/2016,,2018-10-09
ACCOUNT PORTFOLIO MANAGEMENT LLC,"3325 STREET RD STE 220 BENSALEM, PA 19020","600 17TH ST STE 800 NORTH DENVER, CO 80202","3325 STREET RD STE 220 BENSALEM, PA 19020",989883,4/7/2008,E,7/2/2010,,2018-10-09
ACCOUNT RECOVERY SPECIALISTS INC,"3505 N TOPEKA WICHITA, KS 67219","3025 S PARKER RD STE 705 AURORA, CO 80014","3505 N TOPEKA WICHITA, KS 67219",988071,11/8/2002,A,Active,,2018-10-09
ACCOUNT RESOLUTION GROUP LLC,"4705 NEW HORIZON BLVD STE 7 BAKERSFIELD, CA 93313-2369","7200 S ALTON WAY STE B180 CENTENNIAL, CO 80112","PO BOX 10345 BAKERSFIELD, CA 93389",991009,3/25/2010,A,Active,,2018-10-09
ACCOUNT SERVICES COLLECTIONS INC DBA  ACCOUNT SERVICES,"1802 NE LOOP 410 STE 400 SAN ANTONIO, TX 78217","3605 MEAD ST FORT COLLINS, CO 80526","1802 NE LOOP 410 STE 400 SAN ANTONIO, TX 78217",988079,10/28/2002,A,Active,,2018-10-09
ACCOUNT SOLUTIONS GROUP LLC,"205 BRYANT WOODS SOUTH AMHERST, NY 14228","1675 BROADWAY DENVER, CO 80202","205 BRYANT WOODS SOUTH AMHERST, NY 14228",101578,9/17/1996,C,11/9/2004,,2018-10-09
ACCOUNTS RECEIVABLE AUTOMATED SOLUTIONS INC,"140 UNIVERSITY PARK TROY, AL 36081","80 GARDEN CTR BLDG B, STE 3 BROOMFIELD, CO 80020","140 UNIVERSITY PARK TROY, AL 36081",990362,9/25/2009,A,Active,,2018-10-09
ACCOUNTS RECEIVABLE MANAGEMENT INC,"155 MID ATLANTIC PKWY THOROFARE, NJ 08086","13111 E BRIARWOOD AVE STE 340 CENTENNIAL, CO 80112","PO BOX 129 THOROFARE, NJ 08086",991568,3/14/2012,E,12/24/2014,,2018-10-09
ACCOUNTS RECEIVABLE MANAGEMENT INC DBA NEW JERSEY ACCOUNTS RECEIVABLE MANAGEMENT,"155 MID ATLANTIC PKY THOROFARE, NJ 08086","13111 E BRIARWOOD AVE STE 340 CENTENNIAL, CO 80112","PO BOX 129 THOROFARE, NJ 08086",987656,12/19/2000,C,3/14/2012,Yes,2018-10-09
ACCUCHEK INC DBA ACCUCHEK SERVICES INC,"550 GREENSBORO AVE STE 301 TUSCALOOSA, AL 35401","815 14TH ST GREELEY, CO 80631","PO BOX 2864 TUSCALOOSA, AL 35403",987838,9/10/2001,C,6/4/2002,,2018-10-09
ACCUCHEK INC DBA ACCUCHEK SERVICES INC,"550 GREENSBORO AVE STE 301 TUSCALOOSA, AL 35401","815 14TH ST GREELEY, CO 80631","PO BOX 2864 TUSCALOOSA, AL 35403",101561,6/28/1996,C,9/10/2001,,2018-10-09
ACCURATE FINANCIAL PARTNERS INC,"1027 HORSETOOTH RD FORT COLLINS, CO 80526","1027 HORSETOOTH RD FORT COLLINS, CO 80526","1027 HORSETOOTH RD FORT COLLINS, CO 80526",991920,10/31/2013,D,7/24/2014,Yes,2018-10-09
ACE ADJUSTMENT CO INC DBA ACCOUNTS SERVICE OF COLORADO LTD DBA ACE ADJUSTMENT OF COLORADO,"1520 N UNION BLVD STE 103 COLORADO SPRINGS, CO 80909","1520 N UNION BLVD STE 103 COLORADO SPRINGS, CO 80909","1520 N UNION BLVD STE 103 COLORADO SPRINGS, CO 80909",992177,8/29/2014,R,7/17/2015,Yes,2018-10-09
ACE ADJUSTMENT CO INC DBA ACCOUNTS SERVICE OF COLORADO LTD DBA MEDICAL CREDIT SERVICE,"1520 N UNION BLVD STE 103 COLORADO SPRINGS, CO 80909","1520 N UNION BLVD STE 103 COLORADO SPRINGS, CO 80909","PO BOX 1299 COLORADO SPRINGS, CO 80901",100590,6/12/1969,E,4/30/2014,Yes,2018-10-09
ACE COLLECTION SERVICES INC,"1562 S PARKER RD STE 116 DENVER, CO 80231","DENVER, CO 80231","1562 S PARKER RD STE 116 DENVER, CO 80231",101447,7/11/1994,C,9/8/1997,,2018-10-09
ACE RECOVERY INC,"450 BLACKBROOK RD PAINESVILLE, OH 44077","13821 MUIRFIELD CIR BROOMFIELD, CO 80023","450 BLACKBROOK RD PAINESVILLE, OH 44077",990330,8/27/2009,E,7/2/2010,,2018-10-09
ACE RECOVERY INCORPORATED,"450 BLACKBROOK RD PAINESVILLE, OH 44077","80 GARDEN CTR STE 3 BROOMFIELD, CO 80020","450 BLACKBROOK RD PAINESVILLE, OH 44077",991199,11/3/2010,E,7/2/2012,,2018-10-09
ACM FINANCIAL SERVICES LLC,"6412 SIMMS ST STE 33 ARVADA, CO 80004","6412 SIMMS ST STE 33 ARVADA, CO 80004","PO BOX 33782 NORTHGLENN, CO 80233-0782",987915,2/1/2002,E,7/16/2002,,2018-10-09
ACM RIVERWALK IV B LLC,"230 PEACHTREE ST STE 1700 ATLANTA, GA 30303","80 GARDEN CTR STE 3 BROOMFIELD, CO 80020","230 PEACHTREE ST STE 1700 ATLANTA, GA 30303",991716,9/24/2012,C,8/26/2014,,2018-10-09
ACQUIRED CAPITAL I LP,"4100 GREENBRIAR DR STE 120 STAFFORD, TX 77477","27 N WILLERUP STE B MONTROSE, CO 81401","PO BOX 1068 STAFFORD, TX 77497-1068",991634,5/17/2012,C,6/30/2015,,2018-10-09
ACQUIRED CAPITAL II LP,"4100 GREENBRIAR DR STE 120 STAFFORD, TX 77477","27 N WILLERUP STE B MONTROSE, CO 81401","PO BOX 1068 STAFFORD, TX 77497-1068",991700,8/29/2012,C,6/30/2016,,2018-10-09
ACS STATE & LOCAL SOLUTIONS INC D/B/A LDC COLLECTION SYSTEMS CORPORATION,"8260 WILLOW OAKS CORPORATE DR FLR 6 FAIRFAX, VA 22031-4513","518 17TH ST STE 400 DENVER, CO 80202","8260 WILLOW OAKS CORPORATE DR FLR 6 FAIRFAX, VA 22031-4513",988112,8/19/2002,C,3/30/2010,,2018-10-09
ACTION FINANCIAL SERVICES LLC,"2055 CARDINAL AVE MEDFORD, OR 97504","27 N WILLERUP STE B MONTROSE, CO 81401","2055 CARDINAL AVE MEDFORD, OR 97504",992142,7/1/2014,A,Active,,2018-10-09
ACTIVATE FINANCIAL LLC,"15373 INNOVATION DR STE 300 SAN DIEGO, CA 92128","27 N WILLERUP STE B MONTROSE, CO 81401","15373 INNOVATION DR STE 300 SAN DIEGO, CA 92128",992148,7/15/2014,A,Active,Yes,2018-10-09
ACTIVE COLLECTION AGENCY INC DBA D & M ADJUSTMENT CO,"700 17TH ST STE 200 DENVER, CO 80202","700 17TH ST STE 200 DENVER, CO 80202","700 17TH ST STE 200 DENVER, CO 80202",101245,2/26/1991,A,Active,,2018-10-09
ACTIVE CREDIT SERVICES INC,"10501 SE MAIN ST STE 200 MILWAUKIE, OR 97222","3025 S PARKER RD STE 711 AURORA, CO 80014","10501 SE MAIN ST STE 200 MILWAUKIE, OR 97222",988047,10/8/2002,E,7/2/2008,,2018-10-09
AD ASTRA RECOVERY SERVICES INC,"7330 W 33RD ST N STE 118 WICHITA, KS 67205","6501 E EVANS AVE DENVER, CO 80224","3527 N RIDGE RD WICHITA, KS 67205",989687,7/2/2007,A,Active,,2018-10-09
ADLER WALLACH & ASSOCIATES INC DBA AWA COLLECTIONS,"1045 W KATELLA AVE STE 230 ORANGE, CA 92867","7200 S ALTON WAY STE B180 CENTENNIAL, CO 80112","1045 W KATELLA AVE STE 230 ORANGE, CA 92867",992825,2/27/2017,A,Active,,2018-10-09
ADLER WALLACH & ASSOCIATES INC DBA AWA COLLECTIONS,"1045 W KATELLA AVE STE 230 ORANGE, CA 92867","13111 E BRIARWOOD AVE STE 340 CENTENNIAL, CO 80112","1045 W KATELLA AVE STE 230 ORANGE, CA 92867",990439,1/6/2010,E,7/2/2016,,2018-10-09
ADMIN RECOVERY LLC,"45 EARHART DR STE 102 WILLIAMSVILLE, NY 14221","80 GARDEN CTR BLDG B, STE 2 BROOMFIELD, CO 80020","45 EARHART DR STE 102 WILLIAMSVILLE, NY 14221",991371,5/5/2011,A,Active,,2018-10-09
ADP ADVANCEDMD INC,"10876 S RIVER FRONT PKWY SOUTH JORDAN, UT 84095","301 REMINGTON ST FORT COLLINS, CO 80524","10876 S RIVER FRONT PKWY SOUTH JORDAN, UT 84095",992141,7/1/2014,E,7/2/2015,,2018-10-09
ADVANCED BILLING TRIAGE LLC,"2 INVERNESS DR E STE 203 ENGLEWOOD, CO 80112",",","10176 PARK MEADOWS DR STE 2208 LONE TREE, CO 80124",990374,10/20/2009,E,7/2/2010,,2018-10-09
ADVANCED CALL CENTER TECHNOLOGIES LLC,"606 MORGAN BLVD HARLINGEN, TX 78550","3501 S SHIELDS ST FORT COLLINS, CO 80526","1235 WESTLAKES DR STE 160 BERWYN, PA 19312",988370,1/12/2004,A,Active,Yes,2018-10-09
ADVANCED CALL CENTER TECHNOLOGIES LLC,"606 MORGAN BLVD HARLINGEN, TX 78550","252 E MOUNTAIN AVE STE C FORT COLLINS, CO 80524","606 MORGAN BLVD HARLINGEN, TX 78550",101635,10/21/1997,E,12/23/2003,,2018-10-09
ADVANCED RECEIVABLE SOLUTIONS INC,"1300 FIRST STATE BLVD STE A WILMINGTON, DE 19804","14682 GARFIELD ST BRIGHTON, CO 80602","1300 FIRST STATE BLVD STE A WILMINGTON, DE 19804",988547,7/23/2004,E,3/24/2005,,2018-10-09
ADVANTAGE ASSETS II INC,"1000 N WEST ST STE 1200 WILMINGTON, DE 19801","700 17TH ST STE 200 DENVER, CO 80202","7322 SW FREEWAY STE 1600 HOUSTON, TX 77074",990026,9/5/2008,A,Active,,2018-10-09
ADVOCATE INC DBA COMMERCIAL & MEDICAL CREDIT SERVICES,"9844 LORENE SAN ANTONIO, TX 78216","1776 S JACKSON ST STE 900 DENVER, CO 80210","9844 LORENE SAN ANTONIO, TX 78216",991742,11/16/2012,E,7/2/2017,,2018-10-09
AEGIS RECEIVABLES MANAGEMENT INC,"8201 RIDGEPOINT DR IRVING, TX 75063","717 17TH ST STE 2300 DENVER, CO 80202","8201 RIDGEPOINT DR IRVING, TX 75063",989731,5/1/2007,C,3/18/2014,Yes,2018-10-09
AEGIS RECEIVABLES MANAGEMENT INC,"9999 TECHNOLOGY BLVD W DALLAS, TX 75220","700 17TH ST STE 200 DENVER, CO 80202","9999 TECHNOLOGY BLVD W DALLAS, TX 75220",992010,3/18/2014,E,9/19/2014,,2018-10-09
AFFILIATE ASSET SOLUTIONS LLC,"145 TECHNOLOGY PKWY STE 100 PEACHTREE CORNERS, GA 30092","700 17TH ST STE 200 DENVER, CO 80202","3850 N CAUSEWAY BLVD STE 200 METAIRIE, LA 70002",992687,9/15/2016,A,Active,,2018-10-09
AFFILIATED CREDIT SERVICES INC DBA CHECKFIRST,"830 E PLATTE AVE STE A FORT MORGAN, CO 80701","830 E PLATTE AVE STE A FORT MORGAN, CO 80701","PO BOX 58 FORT MORGAN, CO 80701",101647,1/23/1998,C,12/31/2009,Yes,2018-10-09
AFNI INC,"1310 MARTIN LUTHER KING DR BLOOMINGTON, IL 61701","27 N WILLERUP STE B MONTROSE, CO 81401","1310 MARTIN LUTHER KING DR BLOOMINGTON, IL 61701",987850,9/25/2001,A,Active,Yes,2018-10-09
AGENCY OF CREDIT CONTROL INC DBA CHECK COLLECTIONS INC,"2014 S PONTIAC WY DENVER, CO 80224","2014 S PONTIAC WY DENVER, CO 80224","2014 S PONTIAC WY DENVER, CO 80224",100368,6/5/1968,A,Active,Yes,2018-10-09
AID ASSOCIATES INC DBA PLAZA ASSOCIATES,"370 SEVENTH AVE NEW YORK, NY 10001","13111 E BRIARWOOD AVE STE 340 CENTENNIAL, CO 80112","370 SEVENTH AVE NEW YORK, NY 10001",990283,6/4/2009,C,12/7/2011,,2018-10-09
AID ASSOCIATES INC DBA PLAZA ASSOCIATES,"370 SEVENTH AVE STE 1501 NEW YORK, NY 10001","545 MANHATTAN DR STE 201 BOULDER, CO 80303","370 SEVENTH AVE STE 1501 NEW YORK, NY 10001",101439,6/1/1994,E,5/2/2009,Yes,2018-10-09
AIDEX RECOVERY GROUP INC,"5210 BELFORT RD STE 230 JACKSONVILLE, FL 32256","13821 MUIRFIELD CIR BROOMFIELD, CO 80023","5210 BELFORT RD STE 230 JACKSONVILLE, FL 32256",990226,3/3/2009,E,7/2/2010,,2018-10-09
AIH SERVICES INC DBA RECEIVABLE MANAGEMENT SERVICES,"8300 TROOST ST KANSAS CITY, MO 64131","600 SEVENTEENTH ST STE 850 SOUTH DENVER, CO 80202-5442","8300 TROOST ST KANSAS CITY, MO 64131",101746,5/20/1999,E,8/1/2000,,2018-10-09
AIM HEALTHCARE SERVICES INC,"1718 GENERAL GEORGE PATTON DR BRENTWOOD, TN 37027","2100 W DRAKE RD STE 6 FORT COLLINS, CO 80526","1021 WINDCROSS CT FRANKLIN, TN 37067",988230,7/1/2003,E,3/18/2004,,2018-10-09
AIM HEALTHCARE SERVICES INC DBA HEALTHCARE DATA SOLUTIONS DBA OVERPAYMENT RECOVERY,"1021 WINDCROSS CT FRANKLIN, TN 37067","3501 S SHIELDS ST FORT COLLINS, CO 80526","MN051-A130 13625 TECHNOLOGY DRIVE EDEN PRAIRIE, MN 55344",990305,7/24/2009,C,5/17/2012,,2018-10-09
AIM HEALTHCARE SERVICES INC DBA HEALTHCARE DATA SOLUTIONS DBA OVERPAYMENT RECOVERY,"1021 WINDCROSS CT FRANKLIN, TN 37067","2100 W DRAKE RD FORT COLLINS, CO 80526","1021 WINDCROSS CT FRANKLIN, TN 37067",989886,4/11/2008,C,7/24/2009,,2018-10-09
AIM HEALTHCARE SERVICES INC DBA HEALTHCARE DATA SOLUTIONS DBA OVERPAYMENT RECOVERY,"1021 WINDCROSS CT FRANKLIN, TN 37067","2100 W DRAKE RD STE 6 FORT COLLINS, CO 80526","1021 WINDCROSS CT FRANKLIN, TN 37067",988702,1/13/2005,E,7/2/2006,,2018-10-09
AIS RECOVERY SOLUTIONS LLC,"1212 CORPORATE DR STE 400 IRVING, TX 75038","80 GARDEN CTR BLDG B, STE 3 BROOMFIELD, CO 80020","5847 SAN FELIPE STE 1200 HOUSTON, TX 77057",991466,10/14/2011,A,Active,,2018-10-09
AIS SERVICES LLC,"10225 BARNES CANYON RD STE A210 SAN DIEGO, CA 92121","13111 E BRIARWOOD AVE STE 340 CENTENNIAL, CO 80112","10225 BARNES CANYON RD STE A210 SAN DIEGO, CA 92121",990569,1/8/2010,E,7/2/2013,Yes,2018-10-09
ALASKA EASTERN PARTNERS A LIMITED PARTNERSHIP,"323 FIFTH ST EUREKA, CA 95501","337 ACOMA ST DENVER, CO 80223","323 FIFTH ST EUREKA, CA 95501",988995,3/4/2005,C,8/19/2009,,2018-10-09
ALASKA SEABOARD PARTNERS LIMITED PARTNERSHIP,"323 FIFTH ST EUREKA, CA 95501","80 GARDEN CTR STE 3 BROOMFIELD, CO 80020","323 FIFTH ST EUREKA, CA 95501",988998,3/4/2005,C,10/5/2010,,2018-10-09
ALEGIS CORPORATION,"9700 RICHMOND UNIT 160 HOUSTON, TX 77042","1412 PIKES PEAK AVE FORT COLLINS, CO 80524","9700 RICHMOND UNIT 160 HOUSTON, TX 77042",101691,7/16/1998,C,7/26/1999,,2018-10-09
ALEGIS CORPORATION,"9700 RICHMOND AVE UNIT 160 HOUSTON, TX 77042","1412 PIKES PEAK AVE FORT COLLINS, CO 80524","9700 RICHMOND AVE UNIT 160 HOUSTON, TX 77042",101468,10/13/1994,C,7/16/1998,,2018-10-09
ALEGIS CORPORATION,"9700 RICHMOND STE 160 HOUSTON, TX 77042","252 E MOUNTAIN AVE FORT COLLINS, CO 80524","9700 RICHMOND STE 160 HOUSTON, TX 77042",987012,8/11/1999,C,5/25/2000,,2018-10-09
ALEXANDER WRIGHT & ASSOCIATES INC,"1130 E ARAPAHO RD STE 535 RICHARDSON, TX 75081","3025 S PARKER RD STE 711 AURORA, CO 80014","1130 E ARAPAHO RD STE 535 RICHARDSON, TX 75081",989401,7/1/2006,E,6/27/2007,,2018-10-09
ALL AROUND RECOVERY LLC,"506 BREEZE ST CRAIG, CO 81625","506 BREEZE ST CRAIG, CO 81625","506 BREEZE ST CRAIG, CO 81625",990053,10/17/2008,E,6/9/2009,,2018-10-09
ALLAN ASSOCIATES LLC,"13158 W ASBURY CIR LAKEWOOD, CO 80228","13158 W ASBURY CIR LAKEWOOD, CO 80228","PO BOX 260480 LAKEWOOD, CO 80226",992356,7/1/2015,A,Active,,2018-10-09
ALLEGIANT RECEIVABLES SOLUTIONS INC DBA ALLEGIANT COLLECTION SERVICES INC DBA,"12191 W 64TH AVE STE 210 ARVADA, CO 80004","12191 W 64TH AVE STE 210 ARVADA, CO 80004","12191 W 64TH AVE STE 210 ARVADA, CO 80004",992333,5/8/2015,A,Active,,2018-10-09
ALLEN LEWIS AND ASSOCIATES INC,"1185 LANE AVE STE 5 JACKSONVILLE, FL 32205","3025 S PARKER RD STE 711 AURORA, CO 80014","1185 LANE AVE STE 5 JACKSONVILLE, FL 32205",989766,10/9/2007,E,2/24/2010,,2018-10-09
ALLEN LEWIS AND ASSOCIATES INC,"1185 LANE AVE STE 5 JACKSONVILLE, FL 32205","3025 S PARKER RD TOWER II SUITE 711 AURORA, CO 80014","1185 LANE AVE STE 5 JACKSONVILLE, FL 32205",988194,4/23/2003,E,7/2/2007,,2018-10-09
ALLGATE FINANCIAL LLC,"160 N FRANKLIN ST STE 301 CHICAGO, IL 60606","27 N WILLERUP STE B MONTROSE, CO 81401","160 N FRANKLIN ST STE 301 CHICAGO, IL 60606",991274,2/14/2011,A,Active,,2018-10-09
ALLIANCE ASSET MANAGEMENT INC,"330 GEORGETOWN SQ STE 104 WOOD DALE, IL 60191","13111 E BRIARWOOD AVE STE 340 CENTENNIAL, CO 80112","330 GEORGETOWN SQ STE 104 WOOD DALE, IL 60191",989942,7/1/2008,C,4/14/2015,,2018-10-09
ALLIANCE COLLECTION AGENCIES INC,"3916 S BUSINESS PARK AVE MARSHFIELD, WI 54449-5800","7200 S ALTON WAY STE B180 CENTENNIAL, CO 80112","PO BOX 1267 MARSHFIELD, WI 54449-7267",990238,3/13/2009,A,Active,,2018-10-09
ALLIANCE RECOVERY MANAGEMENT INC,"1815 CHANDLERSVILLE RD ZANESVILLE, OH 43701","14682 GARFIELD ST BRIGHTON, CO 80602","1815 CHANDLERSVILLE RD ZANESVILLE, OH 43701",988045,10/11/2002,E,7/22/2003,,2018-10-09
ALLIANCEONE INCORPORATED DBA ECC MANAGEMENT DBA CBT CREDIT SERVICES,"3705 QUAKERBRIDGE RD STE 112 MERCERVILLE, NJ 08619","14682 GARFIELD ST BRIGHTON, CO 80602","3705 QUAKERBRIDGE RD STE 112 MERCERVILLE, NJ 08619",987503,7/1/2000,C,2/26/2002,,2018-10-09
ALLIANCEONE LTD,"300-1220 SHEPPARD AVE TORONTO ONTARIO M2K 2S5,","545 MANHATTAN DR STE 201 BOULDER, CO 80303","1160 CENTRE POINTE DR MENDOTA HEIGHTS, MN 55120",989453,9/6/2006,C,9/2/2008,Yes,2018-10-09
ALLIANCEONE RECEIVABLES MANAGEMENT INC DBA ALLIANCEONE,"4850 STREET RD STE 300 TREVOSE, PA 19053","1597 COLE BLVD STE 150 LAKEWOOD, CO 80401","3000 AMES CROSSING RD STE 750 EAGAN, MN 55121",987890,12/21/2001,A,Active,Yes,2018-10-09
ALLIED AMERICAN CREDIT LLC,"901 E SECOND AVE STE 210 SPOKANE, WA 99202","13111 E BRIARWOOD AVE STE 340 CENTENNIAL, CO 80112","PO BOX 3766 SPOKANE, WA 99220",990294,7/1/2009,E,3/7/2012,,2018-10-09
ALLIED BOND & COLLECTION AGENCY,"ONE ALLIED DR TREVOSE, PA 19053","12649 W WARREN AVE LAKEWOOD, CO 80228","ONE ALLIED DR TREVOSE, PA 19053",101455,8/16/1994,C,9/1/1999,Yes,2018-10-09
ALLIED COLLECTION SERVICES INC,"3080 S DURANGO DR STE 208 LAS VEGAS, NV 89117","80 GARDEN CTR BLDG B, STE 3 BROOMFIELD, CO 80020","3080 S DURANGO DR STE 208 LAS VEGAS, NV 89117",993172,1/23/2018,A,Active,Yes,2018-10-09
ALLIED COLLECTION SERVICES INC,"3080 S DURANGO DR STE 208 LAS VEGAS, NV 89117","80 GARDEN CTR BLDG B, STE 3 BROOMFIELD, CO 80020","3080 S DURANGO DR STE 208 LAS VEGAS, NV 89117",991771,1/15/2013,E,7/2/2017,,2018-10-09
ALLIED COLLECTION SERVICES INC,"3080 S DURANGO DR STE 208 LAS VEGAS, NV 89117","14682 GARFIELD ST BRIGHTON, CO 80602","3080 S DURANGO DR STE 208 LAS VEGAS, NV 89117",989102,7/11/2005,E,7/2/2007,,2018-10-09
ALLIED COMMERCIAL INC,"155 NE 100TH ST STE 207 SEATTLE, WA 98125","12510 E ILIFF AVE STE 210 AURORA, CO 80014","PO BOX 2449 GIG HARBOR, WA 98335",101625,8/27/1997,E,8/1/2000,Yes,2018-10-09
ALLIED CREDIT COMPANIES,"6565 KIMBALL DR UNIT 200 GIG HARBOR, WA 98335","#210 AURORA, CO 80014","PO BOX 2449 GIG HARBOR, WA 98335",101624,8/27/1997,E,8/1/2000,Yes,2018-10-09
ALLIED INTERNATIONAL CREDIT CORP US,"2222-2228 W NORTHERN AVE STE B202 PHOENIX, AZ 85021","80 GARDEN CTR BLDG B, STE 3 BROOMFIELD, CO 80020","2222-2228 W NORTHERN AVE STE B202 PHOENIX, AZ 85021",988190,5/28/2003,A,Active,Yes,2018-10-09
ALLIED INTERNATIONAL CREDIT CORP US,"2101 W PEORIA AVE STE 120 PHOENIX, AZ 85029","14682 GARFIELD ST BRIGHTON, CO 80602","2101 W PEORIA AVE STE 120 PHOENIX, AZ 85029",987836,9/10/2001,E,8/6/2002,,2018-10-09
ALLIED INTERSTATE INC,"435 FORD RD UNIT 800 ST. LOUIS PARK, MN 55426","1999 BROADWAY UNIT 2305 DENVER, CO 80202","435 FORD RD UNIT 800 ST. LOUIS PARK, MN 55426",101436,4/29/1994,C,11/27/1998,,2018-10-09
ALLIED INTERSTATE INC,"12755 STATE HIGHWAY 55 STE 300 PLYMOUTH, MN 55441","13111 E BRIARWOOD AVE STE 340 CENTENNIAL, CO 80112","3000 CORPORATE EXCHANGE DR COLUMBUS, OH 43231",101716,11/27/1998,E,1/31/2011,Yes,2018-10-09
ALLIED INTERSTATE LLC,"12755 HIGHWAY 55 STE 300 PLYMOUTH, MN 55441","7200 S ALTON WAY STE B180 CENTENNIAL, CO 80112","200 CENTRAL AVENUE FLR 7 ST PETERSBURG, FL 33701",991398,4/29/2011,A,Active,Yes,2018-10-09
ALLON HILL LLC,"1621 18TH ST STE 100 DENVER, CO 80202","1621 18TH ST STE 100 DENVER, CO 80202","1621 18TH ST STE 100 DENVER, CO 80202",990103,1/9/2009,C,5/15/2009,,2018-10-09
ALLSECTECH INC,"6303 COMMERCE DR STE 180 IRVING, TX 75063","80 GARDEN CTR BLDG B, STE 3 BROOMFIELD, CO 80020","6303 COMMERCE DR STE 150 IRVING, TX 75063",992460,12/10/2015,A,Active,,2018-10-09
ALLSECTECH INC,"6303 COMMERCE DR STE 180 IRVING, TX 75063","80 GARDEN CTR STE 3 BROOMFIELD, CO 80020","6303 COMMERCE DR STE 180 IRVING, TX 75063",989278,2/14/2006,D,7/15/2015,Yes,2018-10-09
ALLTRAN EDUCATION INC,"840 S FRONTAGE RD WOODRIDGE, IL 60517","7200 S ALTON WAY STE B180 CENTENNIAL, CO 80112","840 S FRONTAGE RD WOODRIDGE, IL 60517",991635,5/10/2012,A,Active,Yes,2018-10-09
ALLTRAN FINANCIAL LP,"5800 N COURSE DR HOUSTON, TX 77072","80 GARDEN CTR BLDG B, STE 3 BROOMFIELD, CO 80020","5800 N COURSE DR HOUSTON, TX 77072",990102,1/8/2009,A,Active,,2018-10-09
ALLTRAN HEALTH INC,"200 14TH AVE E SARTELL, MN 56377","7200 S ALTON WAY STE B180 CENTENNIAL, CO 80112","PO BOX 519 SAUK RAPIDS, MN 56379",101616,8/4/1997,A,Active,Yes,2018-10-09
ALPAT COMPANY INC,"40070 CANE ST STE 400 SLIDELL, LA 70461","27 N WILLERUP STE B MONTROSE, CO 81401","PO BOX 1689 SLIDELL, LA 70459-1689",991477,10/26/2011,C,2/1/2017,,2018-10-09
ALPHA RECOVERY CORP,"6912 S QUENTIN ST STE 10 CENTENNIAL, CO 80112","6912 S QUENTIN ST STE 10 CENTENNIAL, CO 80112","6912 S QUENTIN ST STE 10 CENTENNIAL, CO 80112",991127,8/10/2010,A,Active,Yes,2018-10-09
ALPINE CREDIT INC,"12191 W 64TH AVE STE 210 ARVADA, CO 80004","12191 W 64TH AVE STE 210 ARVADA, CO 80004","12191 W 64TH AVE STE 210 ARVADA, CO 80004",101292,5/8/1992,C,1/4/2016,Yes,2018-10-09
ALPINE FINANCIAL SOLUTIONS INC,"3600 S BEELER ST STE 300 DENVER, CO 80237","3600 S BEELER ST STE 300 DENVER, CO 80237","3600 S BEELER ST STE 300 DENVER, CO 80237",991220,12/2/2010,E,7/2/2015,,2018-10-09
ALTERNATIVE COLLECTIONS LLC DBA ASSET COMPLIANT SOLUTIONS,"65 LAWRENCE BELL DR WILLIAMSVILLE, NY 14221","700 17TH ST STE 200 DENVER, CO 80202","65 LAWRENCE BELL DR WILLIAMSVILLE, NY 14221",992695,9/23/2016,A,Active,,2018-10-09
ALTERNATIVE REVENUE SYSTEMS INC DBA FIRSTCHEX,"9250 E COSTILLA AVE STE 130 GREENWOOD VILLAGE, CO 80112","9250 E COSTILLA AVE STE 130 GREENWOOD VILLAGE, CO 80012","9250 E COSTILLA AVE STE 130 GREENWOOD VILLAGE, CO 80112",101450,7/18/1994,E,7/2/2016,Yes,2018-10-09
ALW SOURCING LLC,"500 VIRGINIA DR STE 514 FORT WASHINGTON, PA 19034","700 17TH ST STE 200 DENVER, CO 80202","3850 N CAUSEWAY BLVD STE 200 METAIRIE, LA 70002",989671,7/20/2007,A,Active,,2018-10-09
AMAN COLLECTION SERVICE INC,"14 S MAIN ST ABERDEEN, SD 57401","1560 BROADWAY DENVER, CO 80202","800 WALNUT ST F4045-040 DES MOINES, IA 50309-3636",101582,1/2/1997,C,7/3/2007,Yes,2018-10-09
AMAN COLLECTION SERVICE INC DBA A C S INC DBA HOSPITAL COLLECTION SERVICE DBA NATIONAL,"ONE S FIRST ST ABERDEEN, SD 50309","2121 S ONEIDA ST STE 330 DENVER, CO 80224","206 EIGHTH ST DES MOINES, IA 50309",101025,8/31/1983,C,12/16/1996,,2018-10-09
AMCOL SYSTEMS INC,"111 LANCEWOOD RD COLUMBIA, SC 29210","3501 S SHIELDS ST FORT COLLINS, CO 80526","PO BOX 21625 COLUMBIA, SC 29221",990757,2/5/2010,A,Active,Yes,2018-10-09
AMERASSIST A/R SOLUTIONS INC,"1105 SHAMROCK RD STE 502 COLUMBUS, OH 43229","80 GARDEN CTR BLDG B, STE 3 BROOMFIELD, CO 80020","1105 SHAMROCK RD STE 502 COLUMBUS, OH 43229",991122,8/4/2010,A,Active,Yes,2018-10-09
AMERASSIST A/R SOLUTIONS INC,"8415 PULSAR PL STE 250 COLUMBUS, OH 43240","13821 MUIRFIELD CIR BROOMFIELD, CO 80023","8415 PULSAR PL STE 250 COLUMBUS, OH 43240",989526,12/6/2006,E,5/23/2010,,2018-10-09
AMERICAN ACCOUNTS & ADVISERS INC,"3904 CEDARVALE DR EAGAN, MN 55122","600 SEVENTEENTH ST STE 800 NORTH DENVER, CO 80202","3904 CEDARVALE DR EAGAN, MN 55122",101649,2/6/1998,D,9/23/2004,Yes,2018-10-09
AMERICAN ACCOUNTS MANAGEMENT INC,"101 E CARMEL DR STE 102 CARMEL, IN 46032","1776 S JACKSON ST STE 900 DENVER, CO 80210","101 E CARMEL DR STE 102 CARMEL, IN 46032",988493,5/4/2004,C,5/3/2011,Yes,2018-10-09
AMERICAN AGENCIES LLC,"2491 PAXTON ST HARRISBURG, PA 17111","27 N WILLERUP STE B MONTROSE, CO 81401","PO BOX 67015 HARRISBURG, PA 17106-7015",991665,7/10/2012,E,7/2/2016,,2018-10-09
AMERICAN BANCO CORPORATION,"200 FILLMORE STE 300 DENVER, CO 80206","200 FILLMORE STE 300 DENVER, CO 80206","200 FILLMORE STE 300 DENVER, CO 80206",100420,7/1/1970,C,4/21/1998,,2018-10-09
AMERICAN COLLECTION SERVICES INC,"3100 SW 59TH ST OKLAHOMA CITY, OK 73119","1776 S JACKSON ST STE 900 DENVER, CO 80210","PO BOX 44069 OKLAHOMA CITY, OK 73144- 1069",987556,7/21/2000,A,Active,,2018-10-09
AMERICAN COLLECTION SYSTEMS INC DBA ACSI CHECK SERVICES DBA AMERICAN ACCOUNTS,"407 S 21ST ST LARAMIE, WY 82070","417 MOUNTAIN AVE FORT COLLINS, CO 80521","407 S 21ST ST LARAMIE, WY 82070",988285,9/22/2003,E,7/2/2011,,2018-10-09
AMERICAN COLLECTION SYSTEMS INC DBA ACSI CHECK SERVICES DBA AMERICAN ACCOUNTS,"407 S 21ST ST LARAMIE, WY 82070","27 N WILLERUP STE B MONTROSE, CO 81401","407 S 21ST ST LARAMIE, WY 82070",991507,12/14/2011,A,Active,Yes,2018-10-09
AMERICAN COLLECTION SYSTEMS INC DBA AMERICAN CONSUMER SOLUTIONS,"811 GREENCREST DR WESTERVILLE, OH 43081","80 GARDEN CTR STE 3 BROOMFIELD, CO 80020","811 GREENCREST DR WESTERVILLE, OH 43081",988364,12/22/2003,E,7/2/2013,Yes,2018-10-09
AMERICAN COLLECTIONS ENTERPRISE INC,"205 S WHITING ST STE 500 ALEXANDRIA, VA 22304","80 GARDEN CTR STE 3 BROOMFIELD, CO 80020","PO BOX 30096 ALEXANDRIA, VA 22310",987832,8/29/2001,E,3/3/2011,,2018-10-09
AMERICAN CORADIUS INC,"300 ESSJAY RD STE 150 WILLIAMSVILLE, NY 14221","14682 GARFIELD ST BRIGHTON, CO 80602","300 ESSJAY RD STE 150 WILLIAMSVILLE, NY 14221",987662,1/9/2001,C,9/6/2005,,2018-10-09
AMERICAN CORADIUS INTERNATIONAL LLC DBA ACI,"2420 SWEET HOME RD STE 150 AMHERST, NY 14228","80 GARDEN CTR BLDG B, STE 3 BROOMFIELD, CO 80020","2420 SWEET HOME RD STE 150 AMHERST, NY 14228",989132,8/17/2005,A,Active,,2018-10-09
AMERICAN CREDIT ACCEPTANCE LLC,"961 E MAIN ST SPARTANBURG, SC 29302","700 17TH ST STE 200 DENVER, CO 80202","961 E MAIN ST SPARTANBURG, SC 29302",993017,8/1/2017,A,Active,,2018-10-09
AMERICAN CREDIT BUREAU INC,"1200 N FEDERAL HWY STE 200 BOCA RATON, FL 33432","80 GARDEN CTR BLDG B, STE 3 BROOMFIELD, CO 80020","1200 N FEDERAL HWY STE 200 BOCA RATON, FL 33432",989677,7/16/2007,A,Active,,2018-10-09
AMERICAN CREDIT COMPANY,"7709 RALSTON RD ARVADA, CO 80002","7709 RALSTON RD ARVADA, CO 80001","PO BOX 1267 ARVADA, CO 80001",100005,8/15/1937,E,7/2/2008,Yes,2018-10-09
AMERICAN CREDIT EXCHANGE INC,"5920 S RAINBOW BLVD STE 7 LAS VEGAS, NV 89118","80 GARDEN CTR STE 3 BROOMFIELD, CO 80020","PO BOX 31622 LAS VEGAS, NV 89173",991666,7/10/2012,E,7/2/2016,,2018-10-09
AMERICAN DEBT COLLECTION COMPANY LLC,"2612 JACKSON AVE W OXFORD, MS 38655","1776 S JACKSON ST STE 900 DENVER, CO 80210","PO BOX 1211 OXFORD, MS 38655",988590,9/17/2004,E,7/2/2008,,2018-10-09
AMERICAN INTERNATIONAL ACCEPTANCE CORPORATION DBA A I A C INC,"2600 S PARKER RD BLG 1, 3317 AURORA, CO 80014","AURORA, CO 80014","PO BOX 370010 DENVER, CO 80237",101325,2/12/1993,C,7/22/1998,Yes,2018-10-09
AMERICAN INVESTIGATIONS & COLLECTIONS DBA AIC INC,"2980 E NORTHERN AVE UNIT B-3 PHOENIX, AZ 85028","#210 AURORA, CO 80014","PO BOX 31445 PHOENIX, AZ 85046",101731,2/17/1999,C,1/31/2000,,2018-10-09
AMERICAN MEDIBANC INC DBA MCS COLLECTION SERVICES,"200 FILLMORE ST STE 300 DENVER, CO 80206","200 FILLMORE ST STE 300 DENVER, CO 80206","200 FILLMORE ST STE 300 DENVER, CO 80206",988380,1/16/2004,E,7/1/2004,,2018-10-09
AMERICAN NETWORK LEASING CORPORATION DBA PREMIER COLLECTION SERVICES,"5400 LEGACY DR H1-3D-50 PLANO, TX 75024","6950 JEFFERSON AVE LAKEWOOD, CO 80235","5400 LEGACY DR H1-3D-50 PLANO, TX 75024",101552,4/16/1996,C,7/26/1999,,2018-10-09
AMERICAN PROFIT RECOVERY INC,"34405 W 12 MILE RD STE 333 FARMINGTON HILLS, MI 48331","7200 S ALTON WAY STE B180 CENTENNIAL, CO 80112","33 BOSTON POST RD W STE 140 MARLBOROUGH, MA 01752",989095,7/5/2005,A,Active,,2018-10-09
AMERICAN RECOVERY NETWORK LLC,"7531 W 57TH AVE ARVADA, CO 80002","7531 W 57TH AVE PO BOX 1807 ARVADA, CO 80002","PO BOX 1807 ARVADA, CO 80001",987613,10/18/2000,C,11/3/2001,Yes,2018-10-09
AMERICAN RECOVERY SERVICE INC,"555 ST CHARLES DR STE 100 THOUSAND OAKS, CA 91360","700 17TH ST STE 200 DENVER, CO 80202","555 ST CHARLES DR STE 100 THOUSAND OAKS, CA 91360",989392,7/1/2006,A,Active,,2018-10-09
AMERICAN RECOVERY SERVICE INC,"555 ST CHARLES DR STE 100 THOUSAND OAKS, CA 91360","10800 DEERFIELD RD FRANKTOWN, CO 80116","PO BOX 261172 HIGHLANDS RANCH, CO 80163- 1172",101650,2/9/1998,E,7/2/2005,,2018-10-09
AMERICAN RECOVERY SYSTEMS INC,"1699 WALL ST STE 300 MT. PROSPECT, IL 60056-5788","621 17TH ST STE 2400 DENVER, CO 80293","1699 WALL ST STE 300 MT. PROSPECT, IL 60056-5788",987921,1/16/2002,E,3/17/2009,Yes,2018-10-09
AMERICAN RECOVERY SYSTEMS INC,"1699 WALL ST STE 300 MOUNT PROSPECT, IL 60056","621 17TH ST STE 2400 DENVER, CO 80293","1699 WALL ST STE 300 MOUNT PROSPECT, IL 60056",987395,4/28/2000,E,8/1/2001,,2018-10-09
AMERICAN SERVICE FINANCE CORPORATION DBA MERCHANTS INTERSTATE COLLECTION AGENCY,"640 PLAZA DR STE 310 HIGHLANDS RANCH, CO 80129","640 PLAZA DR STE 310 HIGHLANDS RANCH, CO 80129","640 PLAZA DR STE 310 HIGHLANDS RANCH, CO 80129",101068,8/21/1984,E,7/2/2013,Yes,2018-10-09
AMERICOLLECT INC,"1851 S ALVERNO RD MANITOWOC, WI 54221-1566","950 SPRUCE ST STE 1A LOUISVILLE, CO 80027","PO BOX 1566 MANITOWOC, WI 54221-1566",991055,4/28/2010,A,Active,,2018-10-09
AMOS FINANCIAL LLC,"3330 SKOKIE VALLEY RD STE 301 HIGHLAND PARK, IL 60035","80 GARDEN CTR STE 3 BROOMFIELD, CO 80020","3330 SKOKIE VALLEY RD STE 301 HIGHLAND PARK, IL 60035",991796,2/25/2013,E,7/2/2016,,2018-10-09
AMS SERVICING LLC,"3374 WALDEN AVE STE 120 DEPEW, NY 14043","80 GARDEN CTR STE 3 BROOMFIELD, CO 80020","3374 WALDEN AVE STE 120 DEPEW, NY 14043",990432,1/4/2010,C,2/5/2014,,2018-10-09
AMSHER COLLECTION SERVICES INC,"4524 SOUTHLAKE PKWY STE 15 HOOVER, AL 35244","80 GARDEN CTR BLDG B, STE 3 BROOMFIELD, CO 80020","4524 SOUTHLAKE PKWY STE 15 HOOVER, AL 35244",990372,10/16/2009,A,Active,,2018-10-09
AMSHER COLLECTION SERVICES INC,"600 BEACON PKY STE 300 BIRMINGHAM, AL 35209","13821 MUIRFIELD CIR BROOMFIELD, CO 80023","600 BEACON PKY STE 300 BIRMINGHAM, AL 35209",988601,9/30/2004,E,7/12/2009,Yes,2018-10-09
AMSHER COLLECTION SERVICES INC,"1816 3RD AVE N BIRMINGHAM, AL 35203","14682 GARFIELD ST BRIGHTON, CO 80602","1816 3RD AVE N BIRMINGHAM, AL 35203",988146,3/13/2003,E,7/25/2004,,2018-10-09
ANSON STREET LLC,"6801 S CIMARRON RD STE 424-F LAS VEGAS, NV 89113","1776 S JACKSON ST STE 900 DENVER, CO 80210","55 BEATTIE PL STE 110 GREENVILLE, SC 29601",993136,11/30/2017,A,Active,,2018-10-09
ANSON STREET LLC,"625 PILOT RD STE 4 LAS VEGAS, NV 89119","1776 S JACKSON ST STE 900 DENVER, CO 80210","55 BEATTIE PL STE 110 GREENVILLE, SC 29601",989698,7/30/2007,C,11/29/2017,,2018-10-09
AP ACCOUNT SERVICES LLC,"9311 SAN PEDRO STE 600 SAN ANTONIO, TX 78216","7200 S ALTON WAY STE B180 CENTENNIAL, CO 80112","9311 SAN PEDRO STE 600 SAN ANTONIO, TX 78216",991373,5/12/2011,A,Active,Yes,2018-10-09
APELLES LLC,"3700 CORPORATE DR STE 240 COLUMBUS, OH 43231","27 N WILLERUP STE B MONTROSE, CO 81401","3700 CORPORATE DR STE 240 COLUMBUS, OH 43231",989646,5/11/2007,A,Active,,2018-10-09
APEX FINANCIAL MANAGEMENT LLC,"1120 LAKE COOK RD STE A BUFFALO GROVE, IL 60089","13821 MUIRFIELD CIR BROOMFIELD, CO 80023","5 REVERE DR STE 510 NORTHBROOK, IL 60062",988502,6/7/2004,C,2/18/2010,,2018-10-09
APEX FINANCIAL MANAGEMENT LLC,"1120 LAKE COOK RD STE A BUFFALO GROVE, IL 60089","80 GARDEN CTR STE 3 BROOMFIELD, CO 80020","1120 LAKE COOK RD STE A BUFFALO GROVE, IL 60089",990836,2/18/2010,E,7/2/2012,,2018-10-09
APEX FINANCIAL MANAGEMENT LLC,"5757 PHANTOM DR STE 300 HAZELWOOD, MO 63042","80 GARDEN CTR STE 3 BROOMFIELD, CO 80020","5757 PHANTOM DR STE 300 HAZELWOOD, MO 63042",991821,4/3/2013,E,7/2/2014,,2018-10-09
APM FINANCIAL SOLUTIONS LLC,"3325 STREET RD STE 220 BENSALEM, PA 19020","600 17TH ST STE 800 NORTH DENVER, CO 80202","3325 STREET RD STE 220 BENSALEM, PA 19020",989884,4/9/2008,E,8/10/2010,,2018-10-09
APOLLO CREDIT AGENCY INC DBA WESTERN RECOVERY INC DBA ULTRACHEK INC,"3501 S TELLER ST LAKEWOOD, CO 80235","3501 S TELLER ST LAKEWOOD, CO 80235","3501 S TELLER ST LAKEWOOD, CO 80235",101113,8/20/1986,D,12/13/2013,Yes,2018-10-09
APOLLO CREDIT AGENCY INC DBA WESTERN RECOVERY INC DBA ULTRACHEK INC,"7466 S MOORE CT LITTLETON, CO 80127","3501 S TELLER ST LAKEWOOD, CO 80235","3501 S TELLER ST LAKEWOOD, CO 80235",101113,8/20/1986,D,12/13/2013,Yes,2018-10-09
APPLE RECOVERY LLC,"7776 S POINTE PKWY STE 280 PHOENIX, AZ 85044","11489 W BEAR CREEK DR LAKEWOOD, CO 80227","PO BOX 27728 TEMPE, AZ 85285",992030,3/19/2014,A,Active,,2018-10-09
AR RESOURCES INC,"1777 SENTRY PKY W MERION TOWLE BLDG SUITE 101 BLUE BELL, PA 19422","3025 S PARKER RD STE 711 AURORA, CO 80014","PO BOX 1056 BLUE BELL, PA 19422",989595,3/13/2007,E,7/2/2008,,2018-10-09
ARC ACCOUNTS RECOVERY (USA) CORPORATION LLC DBA ARC ACCOUNTS RECOVERY (USA) LLC,"A400-2261 KEATING CROSS RD SAANICHTON BC V8M 2A5,","80 GARDEN CTR BLDG B, STE 3 BROOMFIELD, CO 80020","A400-2261 KEATING CROSS RD SAANICHTON BC V8M 2A5,",992004,3/12/2014,A,Active,Yes,2018-10-09
ARC ACCOUNTS RECOVERY (USA) CORPORATION LLC DBA ARC ACCOUNTS RECOVERY (USA) LLC,"4240 GLANFORD AVE VICTORIA BRITISH COLUMBIA V8Z 4B8 CANADA,","80 GARDEN CTR STE 3 BROOMFIELD, CO 80020","4240 GLANFORD AVE STE 100 VICTORIA BRITISH COLUMBIA V8Z 4B8 CANADA,",988545,7/21/2004,E,11/10/2013,,2018-10-09
ARC ACCOUNTS RECOVERY (USA) CORPORATION LLC DBA ARC ACCOUNTS RECOVERY (USA) LLC,"207-1497 ADMIRALS ROAD VICTORIA BRITISH COLUMBIA CANADA V9A 2P8,","14682 GARFIELD ST BRIGHTON, CO 80602","207-1497 ADMIRALS ROAD VICTORIA BRITISH COLUMBIA CANADA V9A 2P8,",988176,5/14/2003,E,7/1/2004,,2018-10-09
ARC MANAGEMENT GROUP LLC,"1825 BARRETT LAKES BLVD STE 505 KENNESAW, GA 30144","27 N WILLERUP STE B MONTROSE, CO 81401","1825 BARRETT LAKES BLVD STE 505 KENNESAW, GA 30144",992985,7/1/2017,A,Active,,2018-10-09
ARGENT ACCOUNT ACQUISITION LLC,"1309 TECHNOLOGY PKWY CEDAR FALLS, IA 50613","1776 S JACKSON ST STE 900 DENVER, CO 80210","PO BOX 720 WATERLOO, IA 50704-0720",991452,9/22/2011,C,12/31/2014,,2018-10-09
ARGENT HEALTHCARE FINANCIAL SERVICES INC,"7650 MAGNA DR BELLEVILLE, IL 62223","1776 S JACKSON ST STE 900 DENVER, CO 80210","8755 W HIGGINS STE 410 CHICAGO, IL 60631",988977,3/1/2005,C,1/31/2006,,2018-10-09
ARGYLE SOLUTIONS INC,"2604 LONG PRAIRIE RD STE 300 FLOWER MOUND, TX 75022","3025 S PARKER RD STE 711 AURORA, CO 80014","2604 LONG PRAIRIE RD STE 300 FLOWER MOUND, TX 75022",989409,7/20/2006,C,10/16/2007,,2018-10-09
ARGYLE SOLUTIONS INC,"7880 BENT BR STE 150 IRVING, TX 75063","3025 S PARKER RD STE 711 AURORA, CO 80014","7880 BENT BR STE 150 IRVING, TX 75063",989768,10/16/2007,E,9/5/2008,,2018-10-09
ARGYLE SOLUTIONS INC,"7880 BENT BR STE 150 IRVING, TX 75063","3025 S PARKER RD STE 711 AURORA, CO 80014","7880 BENT BR STE 150 IRVING, TX 75063",990094,12/23/2008,E,6/12/2009,,2018-10-09
ARIES CAPITAL PARTNERS INC,"45 KENSICO DR MT KISCO, NY 10549","3025 S PARKER RD STE 705 AURORA, CO 80014","PO BOX 742 KATONAH, NY 10536",991143,9/2/2010,E,10/19/2012,,2018-10-09
ARM SOLUTIONS INC,"3760 CALLE TECATE STE E CAMARILLO, CA 93012","7200 S ALTON WAY STE B180 CENTENNIAL, CO 80112","PO BOX 2929 CAMARILLO, CA 93011-2929",991670,7/20/2012,A,Active,,2018-10-09
ARMIN O CONNER & BOCH LLC,"4950 GENESEE ST STE 140 CHEEKTOWAGA, NY 14225","27 N WILLERUP STE B MONTROSE, CO 81401","4950 GENESEE ST STE 140 CHEEKTOWAGA, NY 14225",993190,2/21/2018,A,Active,,2018-10-09
ARMOR SYSTEMS CORPORATION,"1700 KIEFER DR STE 1 ZION, IL 60099","13111 E BRIARWOOD AVE STE 340 CENTENNIAL, CO 80112","1700 KIEFER DR STE 1 ZION, IL 60099",991479,10/27/2011,C,6/14/2013,,2018-10-09
ARMOR SYSTEMS CORPORATION,"1700 KIEFER DR STE 1 ZION, IL 60099","13111 E BRIARWOOD AVE STE 340 CENTENNIAL, CO 80112","1700 KIEFER DR STE 1 ZION, IL 60099",988271,8/25/2003,C,10/27/2011,Yes,2018-10-09
ARNOLD SCOTT HARRIS PC,"111 W JACKSON BLVD STE 600 CHICAGO, IL 60604","80 GARDEN CTR BLDG B, STE 3 BROOMFIELD, CO 80020","111 W JACKSON BLVD STE 600 CHICAGO, IL 60604",991957,1/24/2014,A,Active,,2018-10-09
ARROW FINANCIAL SERVICES LLC,"5996 W TOUHY AVE NILES, IL 60714-4610","2 N CASCADE STE 1100 COLORADO SPRINGS, CO 80903","5996 W TOUHY AVE NILES, IL 60714-4610",101723,1/8/1999,C,3/5/2012,Yes,2018-10-09
ARS NATIONAL SERVICES INC,"201 W GRAND AVE ESCONDIDO, CA 92025","80 GARDEN CTR BLDG B, STE 3 BROOMFIELD, CO 80020","270 W SECOND AVE ESCONDIDO, CA 92025",991929,11/18/2013,A,Active,Yes,2018-10-09
ARS NATIONAL SERVICES INC,"201 W GRAND AVE ESCONDIDO, CA 92025","80 GARDEN CTR STE 3 BROOMFIELD, CO 80020","270 W SECOND AVE ESCONDIDO, CA 92025",101598,5/2/1997,E,1/18/2013,Yes,2018-10-09
ARS PORTFOLIO SERVICES LLC,"6400 MAIN ST WILLIAMSVILLE, NY 14221","80 GARDEN CTR BLDG B, STE 3 BROOMFIELD, CO 80020","6400 MAIN ST WILLIAMSVILLE, NY 14221",990067,11/3/2008,A,Active,,2018-10-09
ARS RECOVERY SERVICES LLC,"1845 HIGHWAY 93 SOUTH STE 310 KALISPELL, MT 59901","8480 E ORCHARD RD STE 1200 GREENWOOD VILLAGE, CO 80111","1845 HIGHWAY 93 SOUTH STE 310 KALISPELL, MT 59901",989094,7/5/2005,C,5/5/2009,,2018-10-09
ARSTRAT LLC,"9800 CENTRE PKWY #1100 HOUSTON, TX 77036","3025 S PARKER RD STE 705 AURORA, CO 80014","9800 CENTRE PKWY #1100 HOUSTON, TX 77036",992580,5/3/2016,A,Active,,2018-10-09
ASAP COLLECTIONS INC DBA ASAP CREDIT SERVICES INC,"8753 YATES DR UNIT 200 WESTMINSTER, CO 80030","8759 YATES DR UNIT 200 WESTMINSTER, CO 80030","8759 YATES DR UNIT 200 WESTMINSTER, CO 80030",101390,11/2/1993,R,8/8/1996,Yes,2018-10-09
ASCENSION RECOVERY MANAGEMENT LLC,"27833 AVE HOPKINS VALENCIA, CA 91355","1535 GRANT ST STE 140 DENVER, CO 80203","27833 AVE HOPKINS VALENCIA, CA 91355",988288,9/22/2003,E,7/1/2010,,2018-10-09
ASCENSIONPOINT RECOVERY SERVICES LLC,"200 COON RAPIDS BLVD STE 200 COON RAPIDS, MN 55433-5876","3025 S PARKER RD STE 705 AURORA, CO 80014","200 COON RAPIDS BLVD STE 200 COON RAPIDS, MN 55433-5876",990016,8/19/2008,A,Active,,2018-10-09
ASPEN JUDGMENT ENFORCEMENT LLC,"11001 W 120TH AVE STE 400 BROOMFIELD, CO 80021","11001 W 120TH AVE STE 400 BROOMFIELD, CO 80021","11001 W 120TH AVE STE 400 BROOMFIELD, CO 80221",989433,8/14/2006,C,7/2/2008,,2018-10-09
ASPEN NATIONAL FINANCIAL INC DBA ASPEN NATIONAL COLLECTIONS,"827 ROOD AVE GRAND JUNCTION, CO 81501","827 ROOD AVE GRAND JUNCTION, CO 81501","PO BOX 1965 GRAND JUNCTION, CO 81502",987386,4/7/2000,A,Active,Yes,2018-10-09
ASPEN SUN HOLDINGS I INC DBA ASPEN SUN FINANCIAL,"7193 S DILLON CT ENGLEWOOD, CO 80112","7193 S DILLON CT ENGLEWOOD, CO 80112","7193 S DILLON CT ENGLEWOOD, CO 80112",990956,3/10/2010,E,7/2/2015,Yes,2018-10-09
ASPIRE RESOURCES INC DBA ASPIRE SERVICING CENTER,"6775 VISTA DR WEST DES MOINES, IA 50266","3025 S PARKER RD STE 705 AURORA, CO 80014","6775 VISTA DR WEST DES MOINES, IA 50266",992281,2/25/2015,A,Active,,2018-10-09
ASSET ACCEPTANCE LLC,"320 E BIG BEAVER RD STE 300 TROY, MI 48083","7200 S ALTON WAY STE B180 CENTENNIAL, CO 80112","3111 CAMINO DEL RIO NORTH STE 1300 SAN DIEGO, CA 92108",991883,8/14/2013,A,Active,Yes,2018-10-09
ASSET ACCEPTANCE LLC,"28405 VAN DYKE AVE Warren, MI 48093","13111 E BRIARWOOD AVE STE 340 CENTENNIAL, CO 80112","28405 VAN DYKE AVE Warren, MI 48093",990389,10/26/2009,C,8/14/2013,,2018-10-09
ASSET ACCEPTANCE LLC,"28405 VAN DYKE WARREN, MI 48093","13821 MUIRFIELD CIR BROOMFIELD, CO 80023","28405 VAN DYKE WARREN, MI 48093",989156,9/9/2005,C,10/26/2009,Yes,2018-10-09
ASSET ACCEPTANCE LLC,"28405 VAN DYKE AV WARREN, MI 48093","14682 GARFIELD ST BRIGHTON, CO 80602","28405 VAN DYKE AVE WARREN, MI 48093",988592,9/16/2004,E,7/2/2005,,2018-10-09
ASSET ACCEPTANCE RECOVERY SERVICES LLC,"28405 VAN DYKE AVE Warren, MI 48093","13111 E BRIARWOOD AVE CENTENNIAL, CO 80112","28405 VAN DYKE AVE Warren, MI 48093",991888,8/22/2013,C,4/23/2014,,2018-10-09
